{"cameraMode":{"drawMode":0,"name":"Shaded","section":"Shading Mode"},"sceneLighting":false,"audioPlay":false,"sceneViewState":{"m_AlwaysRefresh":false,"showFog":true,"showSkybox":false,"showFlares":true,"showImageEffects":true,"showParticleSystems":true,"showVisualEffectGraphs":true,"m_FxEnabled":true},"in2DMode":false,"pivot":{"x":1.7243787050247193,"y":1.7467809915542603,"z":-1.353584885597229},"rotation":{"x":0.23963229358196259,"y":-0.6247936487197876,"z":0.21004362404346467,"w":0.7128137946128845},"size":4.0658674240112309,"orthographic":false}