{"cameraMode":{"drawMode":0,"name":"Shaded","section":"Shading Mode"},"sceneLighting":false,"audioPlay":false,"sceneViewState":{"m_AlwaysRefresh":false,"showFog":true,"showSkybox":false,"showFlares":true,"showImageEffects":true,"showParticleSystems":true,"showVisualEffectGraphs":true,"m_FxEnabled":true},"in2DMode":false,"pivot":{"x":-0.6440111994743347,"y":2.159977674484253,"z":-0.5092798471450806},"rotation":{"x":0.23963229358196259,"y":-0.6247936487197876,"z":0.21004362404346467,"w":0.7128137946128845},"size":2.2990646362304689,"orthographic":false}