{"cameraMode":{"drawMode":0,"name":"Shaded","section":"Shading Mode"},"sceneLighting":false,"audioPlay":false,"sceneViewState":{"m_AlwaysRefresh":false,"showFog":true,"showSkybox":false,"showFlares":true,"showImageEffects":true,"showParticleSystems":true,"showVisualEffectGraphs":true,"m_FxEnabled":true},"in2DMode":false,"pivot":{"x":0.14389453828334809,"y":-0.10499559342861176,"z":-0.03143443539738655},"rotation":{"x":0.22166164219379426,"y":-0.7670785784721375,"z":0.34422338008880618,"w":0.4939582347869873},"size":1.418739676475525,"orthographic":false}