{"cameraMode":{"drawMode":0,"name":"Shaded","section":"Shading Mode"},"sceneLighting":false,"audioPlay":false,"sceneViewState":{"m_AlwaysRefresh":false,"showFog":true,"showSkybox":false,"showFlares":true,"showImageEffects":true,"showParticleSystems":true,"showVisualEffectGraphs":true,"m_FxEnabled":true},"in2DMode":false,"pivot":{"x":-1.9579417705535889,"y":-0.31031712889671328,"z":-1.3208237886428834},"rotation":{"x":-0.41210660338401797,"y":0.012843295931816101,"z":-0.005809873808175325,"w":-0.911026656627655},"size":4.091794490814209,"orthographic":false}