{"cameraMode":{"drawMode":0,"name":"Shaded","section":"Shading Mode"},"sceneLighting":false,"audioPlay":false,"sceneViewState":{"m_AlwaysRefresh":false,"showFog":true,"showSkybox":false,"showFlares":true,"showImageEffects":true,"showParticleSystems":true,"showVisualEffectGraphs":true,"m_FxEnabled":true},"in2DMode":false,"pivot":{"x":0.04819224029779434,"y":-0.4034716784954071,"z":0.3642388582229614},"rotation":{"x":-0.0777338370680809,"y":-0.9202930331230164,"z":0.30079054832458498,"w":-0.23782096803188325},"size":0.6921774744987488,"orthographic":false}