{"cameraMode":{"drawMode":0,"name":"Shaded","section":"Shading Mode"},"sceneLighting":false,"audioPlay":false,"sceneViewState":{"m_AlwaysRefresh":false,"showFog":true,"showSkybox":false,"showFlares":true,"showImageEffects":true,"showParticleSystems":true,"showVisualEffectGraphs":true,"m_FxEnabled":true},"in2DMode":false,"pivot":{"x":0.26819348335266116,"y":0.27012044191360476,"z":0.23859941959381104},"rotation":{"x":-0.22803691029548646,"y":-0.7284679412841797,"z":0.2869998812675476,"w":-0.5787801742553711},"size":1.2451496124267579,"orthographic":false}